id,month,week,type,content
1,1,1,educational,"Вы перенесли инфаркт миокарда. Отказ от курения — самое эффективное, что вы можете сделать для своего сердца прямо сейчас. Исследования показывают: прекращение курения после инфаркта снижает риск смерти в ближайшие годы на 36–46%. Уже через 1 год после отказа риск повторного инфаркта снижается на 50%. Каждый день без сигареты — это подарок вашему сердцу». (Источник: Wilson et al., Archives of Internal Medicine)"
2,1,2,educational,"Никотин достигает мозга за 7–10 секунд после затяжки и вызывает выброс дофамина — ""гормона удовольствия"". Мозг быстро привыкает и требует новую дозу. Но хорошая новость: острая фаза физической зависимости длится всего 7-10 дней. Все, что после — это психологическая привычка и триггеры, с которыми можно и нужно работать"
3,1,2,motivational,"Пациент, 52 года. Инфаркт миокарда, стентирование. Стаж курения — 30 лет, по пачке в день. После выписки решил, что ""одна сигарета в день не повредит"". Через 4 месяца — повторный инфаркт. После второго раза понял: компромиссов быть не может. Бросил полностью. Прошло 2 года: чувствует себя лучше, чем за последние 10 лет. Говорит: ""Жалею только об одном — что не бросил после первого инфаркта""."
4,1,3,educational,"В первые дни без сигарет вы можете чувствовать раздражительность, тревожность, трудности с концентрацией, усиление аппетита и нарушения сна. Это нормально! Это симптомы отмены, и они временны. Ваша задача сейчас — не сопротивляться им в одиночку, а использовать простые техники, которые мы будем разбирать. Пик симптомов приходится на 2-3 день, а через 7-10 дней интенсивность значительно снижается"
5,1,4,educational,"Когда накрывает желание закурить, используйте метод ""СТОП"" — основу когнитивно-поведенческой терапии в лечении зависимостей: С — Стоп. Остановитесь, не действуйте на автомате. Т — Только вдох. Сделайте один глубокий вдох и медленный выдох. О — Обдумайте: что сейчас происходит? Стресс? Скука? Привычка? П — Продолжайте, выбрав альтернативное действие: глоток воды, 2-минутная прогулка, жевательная резинка. Этот метод разрывает автоматическую связь между триггером и закуриванием"
6,1,4,motivational,"Женщина, 45 лет, курила с 20 лет. Боялась, что не справится. Решила начать с малого: заменила утреннюю сигарету на стакан теплой воды с лимоном. Через неделю добавила дыхательное упражнение вместо перекура на работе. Сейчас она не курит уже полгода и говорит: ""Я думала, это невозможно, а оказалось, нужно было просто начать с одного маленького изменения""."
7,2,5,educational,"Триггер — это любая ситуация, эмоция или действие, которое вызывает желание закурить. Это может быть чашка кофе, разговор по телефону, стресс или даже определенное место. Ваша задача на этот месяц — стать детективом и найти свои главные триггеры. Попробуйте в течение недели записывать, когда возникает желание курить: где вы находитесь, что делаете, что чувствуете"
8,2,6,educational,"Лучший способ справиться с триггером — заменить старый ритуал на новый, полезный. Например, если вы привыкли курить после еды, сразу после обеда вставайте и чистите зубы или мойте посуду. Если курили с утренним кофе — временно замените кофе на травяной чай. Это переключит мозг и разорвет автоматическую связь между ситуацией и сигаретой"
9,2,6,motivational,"Для меня главным триггером была утренняя чашка кофе. Без сигареты она казалась невкусной. Я решил на месяц заменить кофе на вкусный травяной чай. Через месяц попробовал снова кофе — и понял, что тяга прошла. Теперь я снова наслаждаюсь кофе, но уже без сигареты"
10,2,7,educational,"Многие курят ""для успокоения"", но на самом деле никотин — это стимулятор. Он лишь на короткое время снимает симптомы отмены, создавая иллюзию расслабления. Более эффективные способы борьбы со стрессом — это короткая прогулка, глубокое дыхание, 5 минут тишины или разговор с близким человеком"
11,2,8,educational,"Представьте ситуацию, в которой вам будет труднее всего не закурить (праздник, встреча с друзьями, стресс на работе). Заранее продумайте план: что вы будете делать или говорить, если вам предложат сигарету или возникнет сильное желание? Наличие плана значительно повышает ваши шансы на успех. Например, приготовьте фразу: ""Я не курю"" — коротко и без объяснений"
12,2,8,motivational,"Я боялся встреч с друзьями, где все курят. Первое время я просто избегал таких встреч. А потом рассказал лучшему другу, что бросаю. Он поддержал меня и даже сам стал выходить курить в другое место, чтобы меня не провоцировать. Честность и просьба о помощи творят чудеса!"
13,3,9,educational,"Поздравляем! Вы уже 2 месяца в пути. Ваш организм проделал огромную работу: улучшилось кровообращение, стало легче дышать, вернулось обоняние и вкус. Что вы заметили в первую очередь? Запишите эти изменения — они будут вашей опорой в трудные моменты"
14,3,10,educational,"Посчитайте, сколько денег вы уже сэкономили, не покупая сигареты? А сколько это будет за год? Позвольте себе купить на эти деньги то, о чем давно мечтали — это будет отличным вознаграждением за ваши усилия и мощным мотиватором продолжать"
15,3,10,motivational,"Я и не знал, что еда может быть такой вкусной! Примерно через месяц после отказа я вдруг понял, что чувствую гораздо больше оттенков вкуса. Обычная еда стала приносить гораздо больше удовольствия. Теперь я с большим интересом готовлю и пробую новые блюда"
16,3,11,educational,"Ваш сердечный риск продолжает снижаться. Уже через 2-12 недель после отказа улучшается кровообращение, а через 1 год риск ишемической болезни сердца снижается вдвое. Каждый день без сигареты делает ваше сердце сильнее и выносливее. Вы инвестируете в свое будущее"
17,3,12,educational,"Говорят, что новая привычка формируется за 21 день, но для устойчивого закрепления нужно 2-3 месяца. Вы уже прошли этот рубеж! Сейчас ваш мозг активно перестраивается, и жизнь без сигарет становится вашей новой нормой. Продолжайте подкреплять новые ритуалы, и скоро они станут такими же естественными, как когда-то было курение"
18,3,12,motivational,"Раньше я быстро уставал, поднимаясь по лестнице. Теперь я могу пройти несколько пролетов и даже не запыхаться. У меня появилось больше энергии, я стал больше гулять и даже записался в бассейн. Это удивительное чувство — когда тело снова работает как часы!"
19,4,13,educational,"Срыв — это единичный случай, когда вы закурили. Это не провал, а часть процесса обучения. Большинство людей, успешно бросивших курить, проходили через несколько попыток и срывов. Важно не позволить одному срыву превратиться в полный возврат к курению. Проанализируйте, что произошло, извлеките урок и продолжайте свой путь"
20,4,14,educational,"Если тяга накрывает с головой, используйте ""правило 10 минут"". Скажите себе: ""Я подожду 10 минут и посмотрю, останется ли желание таким же сильным"". В большинстве случаев через 10 минут острота тяги спадает, и вы можете принять осознанное решение, а не действовать импульсивно"
21,4,14,motivational,"На дне рождения друга я выпил и закурил ""за компанию"". На следующее утро я чувствовал себя ужасно — и физически, и морально. Но я решил, что это не повод все бросать. Я проанализировал ситуацию и понял, что на будущих вечеринках мне нужно быть особенно внимательным и держать в руке стакан с водой. Я продолжил не курить, и это был мой главный урок"
22,4,15,educational,"Составьте список из 3-5 действий, которые вы будете выполнять при появлении сильной тяги. Например: 1) Позвонить другу. 2) Сделать 20 приседаний. 3) Выйти на балкон и сделать 10 глубоких вдохов. 4) Выпить стакан холодной воды. 5) Включить любимую музыку. Держите этот список под рукой! В критический момент вам не придется думать — вы просто будете действовать по плану"
23,4,16,educational,"Остерегайтесь мыслей вроде: ""Я уже так долго не курю, одна сигарета ничего не изменит"". Это ловушка! Одна сигарета почти всегда ведет к следующей. Также опасны мысли: ""Я заслужил сигарету за то, что так долго держался"" или ""Я просто попробую, чтобы вспомнить вкус"". Напомните себе, почему вы начали этот путь, и не позволяйте зависимости обманывать вас"
24,4,16,motivational,"В один из дней, когда тяга была особенно сильной, я просто написал о своих чувствах в чат боту. Сам процесс ""проговаривания"" помог мне пережить этот момент. Иногда полезно просто выговориться, даже боту. А еще я понял, что просить о помощи — это не слабость, а мудрость"
25,5,17,educational,"Вы больше не ""курильщик, который пытается бросить"". Вы — человек, который не курит. Подумайте об этом. Как этот новый статус меняет ваше отношение к себе и к жизни? Какие новые возможности открываются перед вами? Примите эту новую идентичность и гордитесь ею"
26,5,18,educational,"Ваш отказ от курения — это не только забота о вашем сердце. Вы защищаете своих близких от пассивного курения и подаете им отличный пример заботы о здоровье. Ваши дети, внуки, друзья видят, что изменения возможны. Вы становитесь источником вдохновения для окружающих"
27,5,18,motivational,"Раньше мы с женой по вечерам сидели на балконе, я курил. Когда я бросил, мы стали выходить на балкон с чашкой травяного чая. Оказалось, что главным был не дым, а наши разговоры. Теперь у нас новая, более здоровая традиция, и наши вечера стали даже уютнее"
28,5,19,educational,"Многие курят, чтобы снять стресс. Пора найти новые, здоровые способы расслабления. Попробуйте теплую ванну, чтение книги, любимую музыку, йогу, медитацию или просто 15 минут в тишине. Экспериментируйте и найдите то, что подходит именно вам. Умение расслабляться без сигарет — это важный навык для долгосрочного успеха"
29,5,20,educational,"Физическая активность — отличный помощник в отказе от курения. Она не только отвлекает, но и помогает бороться со стрессом, улучшает настроение и укрепляет сердечно-сосудистую систему. Найдите то, что вам по душе: прогулки, плавание, танцы, велосипед — что угодно! Даже 30 минут ходьбы в день приносят огромную пользу. Движение помогает закрепить вашу новую, здоровую жизнь"
30,5,20,motivational,"Я перестал постоянно думать о том, когда же у меня будет следующий перекур, хватит ли сигарет до вечера. Я почувствовал огромную свободу. Теперь я сам управляю своим временем и желаниями, а не зависимость. Это ни с чем не сравнимое чувство!"
31,6,21,educational,"Оглянитесь назад. Вы прошли огромный путь! Ваше тело и разум проделали колоссальную работу. Вспомните, как вам было трудно в первые дни, и сравните с тем, как вы чувствуете себя сейчас. Вы можете гордиться собой. Вы изменили свою жизнь к лучшему, и это ваша заслуга"
32,6,22,educational,"Наша программа подходит к концу, но ваша новая жизнь без сигарет — только начинается. У вас уже есть все необходимые инструменты и знания, чтобы справляться с трудностями самостоятельно. Вы научились распознавать триггеры, управлять тягой, справляться со стрессом и находить радость в жизни без сигарет. Эти навыки останутся с вами навсегда"
33,6,22,motivational,"Напишите себе письмо в будущее — через год. Расскажите в нем, почему вы решили бросить курить, через что прошли и как вы себя чувствуете сейчас, на пороге новой жизни. Опишите свои надежды и планы. Это будет вашим мощным якорем, если когда-нибудь возникнут сомнения. Вы всегда сможете перечитать его и вспомнить, ради чего все это было"
34,6,23,educational,"Чтобы сохранить результат, продолжайте избегать своих главных триггеров, используйте техники релаксации, не забывайте о физической активности и, главное, помните о своей цели — долгой и здоровой жизни ради себя и своих близких. Если возникнут трудности, вспомните все, чему вы научились за эти 6 месяцев. У вас есть все, чтобы справиться"
35,6,24,educational,"Ваш успех может вдохновить других. Если кто-то из ваших знакомых захочет бросить курить, вы сможете поделиться с ними своим опытом и поддержать их. Вы знаете, как это непросто, и ваша поддержка будет бесценна. Возможно, ваша история — это именно то, что нужно кому-то, чтобы сделать первый шаг. Не недооценивайте силу своего примера"
36,6,24,motivational,"Я прошел эту программу 6 месяцев назад. Было трудно, были моменты слабости, но я справился. Сейчас я даже не вспоминаю о сигаретах. Моя жизнь изменилась к лучшему: я лучше себя чувствую, у меня больше энергии, я экономлю кучу денег и, главное, я свободен. Я желаю вам такой же силы и веры в себя. У вас все получится!"